{
  "accuracy": 0.5632,
  "classification_report": {
    "0": {
      "precision": 0.5647058823529412,
      "recall": 0.5106382978723404,
      "f1-score": 0.5363128491620112,
      "support": 94.0
    },
    "1": {
      "precision": 0.5619047619047619,
      "recall": 0.6145833333333334,
      "f1-score": 0.5870646766169154,
      "support": 96.0
    },
    "accuracy": 0.5631578947368421,
    "macro avg": {
      "precision": 0.5633053221288515,
      "recall": 0.5626108156028369,
      "f1-score": 0.5616887628894633,
      "support": 190.0
    },
    "weighted avg": {
      "precision": 0.5632905793896505,
      "recall": 0.5631578947368421,
      "f1-score": 0.5619558777708049,
      "support": 190.0
    }
  },
  "confusion_matrix": [
    [
      48,
      46
    ],
    [
      37,
      59
    ]
  ]
}